Client,Industry,Region,Account Manager,Onboarded,Status,Primary Contact,Email,Phone
Helix Software,Technology,SF Bay Area,Maya Chen,2023-04-12,Active,Jordan Park,jpark@helix.io,415-555-0182
Marin Day School,Education,Marin County,David Ortiz,2022-09-01,Active,Linda Cole,linda.cole@marindayschool.org,415-555-0299
Crestline Capital,Finance,SF Bay Area,Maya Chen,2024-01-20,Active,Brian Walsh,bwalsh@crestlinecap.com,415-555-0341
Pacific Yacht Club,Hospitality,Marin County,Sam Reyes,2023-06-15,Active,Greta Olsen,events@pacificyc.org,415-555-0408
Ridgeway Robotics,Technology,South Bay,Maya Chen,2024-08-04,Active,Hassan Khan,h.khan@ridgewayrobotics.com,408-555-0556
Sunset Recovery Group,Healthcare,East Bay,David Ortiz,2022-11-30,Active,Anita Joshi,a.joshi@sunsetrecovery.org,510-555-0612
Berkeley Heights Elementary,Education,East Bay,David Ortiz,2024-02-18,Active,Marcus Lin,mlin@bhelementary.k12.ca.us,510-555-0721
Oakland Civic Theater,Arts,East Bay,Sam Reyes,2023-03-22,Active,Riya Patel,riya@oaklandcivic.org,510-555-0833
Halo Robotics,Technology,South Bay,Maya Chen,2023-10-08,Churned,Tom Becker,tom@haloro.bo,408-555-0944
Foothill Surgical,Healthcare,Peninsula,Sam Reyes,2024-05-29,Active,Dr. Anne Miller,a.miller@foothillsurg.com,650-555-1066
