Contract #,Counterparty,Type,Start,End,Annual Value,Auto-Renew,Owner,Notes
C-2023-014,Helix Software,Client - Catering,2023-04-12,2026-04-11,180000,Yes,Maya Chen,Friday lunch + all-hands
C-2022-009,Marin Day School,Client - Catering,2022-09-01,2026-08-31,68000,Yes,David Ortiz,Weekly Wednesday lunch K-8
C-2024-002,Crestline Capital,Client - Catering,2024-01-20,2027-01-19,124000,Yes,Maya Chen,Monthly + ad-hoc events
C-2023-022,Pacific Yacht Club,Client - Events,2023-06-15,2026-06-14,90000,No,Sam Reyes,Event-by-event PO; no minimum
C-2024-018,Ridgeway Robotics,Client - Catering,2024-08-04,2026-08-03,90000,Yes,Maya Chen,Weekly all-hands
C-2022-015,Sunset Recovery Group,Client - Catering,2022-11-30,2025-11-29,46000,Yes,David Ortiz,EXPIRED 2025-11-29 - awaiting renewal sig
C-2024-007,Berkeley Heights Elementary,Client - Catering,2024-02-18,2026-02-17,38000,No,David Ortiz,Up for renewal in 6 weeks
C-2023-011,Oakland Civic Theater,Client - Events,2023-03-22,2026-03-21,32000,No,Sam Reyes,Production-night catering
C-2024-031,Foothill Surgical,Client - Catering,2024-05-29,2026-05-28,52000,Yes,Sam Reyes,Doctor lounge weekday lunch
SUP-2023-002,Marin Mill Flour Co.,Vendor - Supply,2023-08-15,2026-08-15,50400,Yes,Nia Williams,
SUP-2023-005,North Bay Dairy,Vendor - Supply,2023-11-30,2026-11-30,69600,Yes,Nia Williams,Renegotiate before renewal - 8% price hike
SUP-2024-003,Nimbus Logistics,Vendor - Logistics,2024-04-30,2026-04-30,80400,No,Nia Williams,EXPIRES SOON - 5 months out
