Client,Q1 2025,Q2 2025,Q3 2025,Q4 2025,Notes
Helix Software,42500,48200,51800,56400,Weekly Friday lunch + monthly all-hands; expanded to a 2nd office in Q3
Marin Day School,18900,21400,8200,22100,Q3 dip = summer break (school closed); auto-resumes in Q4
Crestline Capital,28300,31200,33600,35100,Steady growth; added morning coffee service in Q4
Pacific Yacht Club,14200,38800,41200,12400,Heavy summer events; quiet winter
Ridgeway Robotics,0,4800,18200,28400,Onboarded mid-Q1; ramping rapidly
Sunset Recovery Group,11200,11400,11600,11800,Steady weekly contract — no growth, no churn
Berkeley Heights Elementary,9800,10100,4200,10400,Same school break pattern as Marin
Oakland Civic Theater,6800,9200,7400,11200,Spikes around production opening nights
Halo Robotics,18400,12600,4200,0,Churned Q4; CFO change + budget cut
Foothill Surgical,8200,12100,14800,16900,Adding satellite locations; growing
