Vendor,Category,Monthly Spend,Contract End,Payment Terms,Quality Rating,Notes
Marin Mill Flour Co.,Ingredients,4200,2026-08-15,Net 30,4.7,Primary 00 flour supplier; consistent quality
North Bay Dairy,Ingredients,5800,2026-11-30,Net 15,4.5,Mozzarella + ricotta; price went up 8% in Q2
San Pablo Tomato Cannery,Ingredients,2100,2026-05-10,Net 30,4.9,San Marzano DOP; locked-in pricing
Berkeley Bulk Olive Oil,Ingredients,1400,2027-03-01,Net 30,4.4,EVOO from Sonoma growers
EcoBox Packaging,Supplies,1800,2026-06-22,Net 30,3.8,Compostable boxes; some delivery delays in Q3
PG&E,Utilities,2900,N/A,Auto-pay,N/A,Gas + electric for ovens
Nimbus Logistics,Delivery,6700,2026-04-30,Net 15,4.1,3 vans + drivers leased; contract expires soon
Bay Area Linen Service,Supplies,720,2027-01-15,Net 30,4.2,Aprons + chef coats; weekly pickup
QuickBooks Online,Software,180,Auto-renew,Annual,4.6,Accounting + invoicing
Stripe,Software,0,N/A,Per-transaction,4.8,Payment processing; 2.9% + 30¢ per charge
